time,seconds_elapsed,altitude,speedAccuracy,bearingAccuracy,latitude,altitudeAboveMeanSeaLevel,bearing,horizontalAccuracy,verticalAccuracy,longitude,speed
1766861203003416600,-9.24458349609375,310.676639650017,0.47999998927087295,7.258974518679363,42.36897821650533,339.99092492833734,246.5546112060547,4.7486515301923955,4.029364438187818,-71.94727258870493,7.030000209804088
1766861212317185000,0.06918505859375,0,-1,-1,42.36881055109378,359.7666666666667,-1,32.895013999999996,30,-71.94720928187388,-1
1766861214001211600,1.753211669921875,308.6546630859375,0.9900000095367432,-1,42.368953200096605,337.9689483642578,-1,3.5355339059327373,3,-71.94738694473351,0
1766861215001077000,2.753076904296875,308.25347900390625,0.9900000095367432,-1,42.36895336773467,337.56776428222656,-1,3.5355339059327373,3,-71.94737948483969,0
1766861216000947500,3.752947509765625,307.90087890625,0.9900000095367432,-1,42.36895336773467,337.2151641845703,-1,3.5355339059327373,3,-71.94737914956356,0
1766861217000827000,4.752826904296875,307.9423828125,0.9900000095367432,-1,42.368954625020145,337.2566680908203,-1,3.5355339059327373,3,-71.94737705408777,0
1766861218000912600,5.75291259765625,307.7730712890625,0.9900000095367432,-1,42.36895366110128,337.0873565673828,-1,3.5355339059327373,3,-71.94737521006907,0
1766861219000855300,6.752855224609375,307.7943115234375,0.9900000095367432,-1,42.36895286482048,337.1085968017578,-1,3.5355339059327373,3,-71.94737328223134,0
1766861220000786700,7.75278662109375,307.671630859375,0.9900000095367432,-1,42.36895227808726,336.9859161376953,-1,3.5355339059327373,3,-71.94737060002232,0
1766861221000737300,8.7527373046875,307.671630859375,0.07000000029802322,-1,42.36895227808726,336.9859161376953,-1,4.9957152624600285,8,-71.94737060002232,0
1766861222000691500,9.75269140625,307.671630859375,0.07000000029802322,99.7871035095945,42.36895227808726,336.9859161376953,172.265625,5.482214289009878,8,-71.94737060002232,0
1766861223000633000,10.752633056640626,307.671630859375,0.07000000029802322,99.7871035095945,42.36895227808726,336.9859161376953,172.265625,6.048707766888761,8,-71.94737060002232,0
1766861224000586500,11.75258642578125,307.671630859375,0.07000000029802322,99.7871035095945,42.36895227808726,336.9859161376953,172.265625,5.394956885064048,8,-71.94737060002232,0
1766861225000550400,12.75255029296875,307.6716308975592,0.3080157138848601,-1,42.368952278087484,336.98591617587954,-1,5.3949568850640475,7.999999999999999,-71.94737060002232,0
1766861226000503600,13.752503662109374,307.6716308975592,0.3080157138848601,-1,42.368952278087484,336.98591617587954,-1,4.771316345355446,5.999999999999999,-71.94737060002232,0
1766861227000476400,14.752476318359374,308.06115728709847,0.9200000166892974,143.35806743213882,42.36895233020169,337.3754425654188,244.68749615426356,4.748651530191786,6.8157386408611,-71.94737731251965,0.5199999809265119
1766861228000435500,15.752435546875,308.492798184976,0.30801571388484583,12.864969494751504,42.36894641937502,337.8070834632963,256.99217203614296,4.748651530191932,5.3724859175846005,-71.9474119869511,1.9400000572203695
1766861229000391200,16.75239111328125,308.9077151780948,0.30801571388484583,12.864969494732016,42.368947397855486,338.2220004564151,267.1874841480593,4.748651530191933,5.372485917584601,-71.94744516843014,1.9400000572203693
1766861230000366600,17.75236669921875,309.08105557318777,0.6399999856948002,15.762376672587378,42.368960453175525,338.3953408515081,283.0077862748914,4.748651530191901,4.029364438188401,-71.94750238681327,3.289999961852591
1766861231000342300,18.75234228515625,308.8317882856354,0.3080157138848052,7.2589745186789285,42.36899246237411,338.1460735639557,302.34372366605135,4.748651530191947,4.029364438188344,-71.9475480620351,3.8099999427788624
1766861232000310000,19.75231005859375,308.8528482466936,0.3080157138846682,7.258974518671555,42.36909484909941,338.1671335250139,331.87497258031664,4.748651530192412,4.029364438187797,-71.94758429034562,7.110000133509974
1766861233000279300,20.752279296875,309.2259599901736,0.30801571388448273,7.258974518689017,42.36918780393856,338.5402452684939,332.2259521484375,4.748651530193041,4.029364438187056,-71.94765099404293,9.970000267016594
1766861234000248800,21.752248779296874,309.94800588674843,0.3080157138844828,7.258974518679341,42.36926957098682,339.26229116506875,332.2259521484375,4.748651530193041,4.029364438187057,-71.94771266632301,9.970000267016596
1766861235000221000,22.752220947265624,310.5811878927052,0.3080157138843235,7.258974518673768,42.369390985939155,339.8954731710255,330.1698913574219,4.748651530193582,4.02936443818642,-71.94779758073096,11.89000034330204
1766861236000194000,23.752194091796873,311.1831212686375,0.5500000119195683,7.258974518679185,42.36952457038664,340.4974065469578,330.1698913574219,4.748651530194346,4.029364438185518,-71.9479006321596,14.170000076258885
1766861237000168700,24.752168701171875,311.6235567461699,0.3080157138838181,7.258974518684638,42.36966981504949,340.93784202449024,331.4544372558594,4.748651530195295,4.029364438184399,-71.94801124489376,16.569999694768164
1766861238000143600,25.7521435546875,312.016503021121,0.30801571388372423,7.2589745186794525,42.36980955439082,341.33078829944134,331.7683410644531,4.748651530195613,4.0293644381840235,-71.94811597076344,17.29999923699675
1766861239000120000,26.7521201171875,312.48519198875874,0.3080157138837241,7.258974518655801,42.36995178690138,341.79947726707906,331.7683410644531,4.748651530195614,4.029364438184023,-71.94821718465388,17.29999923699674
1766861240000096300,27.75209619140625,312.79891539923847,0.30801571388359317,7.258974518685164,42.370106338673956,342.1132006775588,331.7683410644531,4.748651530196059,4.0293644381835,-71.94832750965868,18.270000457688525
1766861241000074500,28.752074462890626,313.17489219177514,0.30801571388358207,7.258974518681184,42.37025302850497,342.48917747009546,331.87492923052855,4.7486515301960965,4.029364438183456,-71.94843475319895,18.35000038139359
1766861242000053000,29.752052978515625,313.42092226818204,0.3080157138837096,7.258974518684058,42.3703855435183,342.73520754650235,331.8749328554735,4.748651530195663,4.029364438183965,-71.94853146560865,17.409999847347077
1766861243000032800,30.75203271484375,313.66848086286336,0.3080157138837096,7.258974518684336,42.37052028263765,342.9827661411837,331.87493285514273,4.748651530195664,4.029364438183965,-71.94862936647164,17.40999984734708
1766861244000013800,31.752013916015624,314.0411592340097,0.30801571388382043,7.25897451868814,42.37064258762431,343.35544451233,332.22649940551617,4.748651530195287,4.029364438184408,-71.94871321009236,16.549999237004684
1766861244999994400,32.751994384765624,314.03759380895644,1.2703833527499275,7.258955884649567,42.37075014795236,343.35187908727676,331.91290283203125,4.748651957271677,3.3689325712159346,-71.94880380118559,15.53520534966362
1766861245999975700,33.7519755859375,314.27874812763184,1.2968916561820214,7.258947179563513,42.37086350784738,343.59303340595216,332.0495300292969,4.7486518922942835,3.212033771303674,-71.948883478459,14.823132482343295
1766861246999957500,34.75195751953125,314.31131087150425,1.2971226969148693,7.258933610510406,42.370970632124966,343.62559614982456,332.0495300292969,4.748651928398941,3.167695827061018,-71.94896803341761,14.493551321701009
1766861247999940600,35.75194067382812,314.4630400566384,1.2986441015611714,7.258949006254243,42.37109183520093,343.77732533495873,332.0495300292969,4.748652020006066,3.145202062667016,-71.94905639868901,14.956653627382046
1766861248999924200,36.75192431640625,314.4601542968303,1.3069304897883347,7.372737661192227,42.37120147333225,343.7744395751506,332.0495300292969,4.748651977237416,3.1011183089711025,-71.94913238589312,14.363497042773906
1766861249999906600,37.75190649414063,314.8743285257369,0.7115665983076428,7.257743020332327,42.371306987802186,344.18861380405724,332.0495300292969,4.748652339636403,4.951097701934671,-71.94919733465395,13.466444169514084
1766861250999891200,38.75189111328125,315.12536960840225,0.7498205298587269,7.256531021798663,42.37141539086568,344.43965488672256,332.0495300292969,4.748652342914244,4.813758570970321,-71.9492765052762,13.425125369010155
1766861251999875000,39.751875,315.0324050197378,0.736072418284245,7.258430531520705,42.371528166713205,344.3466902980581,332.0495300292969,4.748652266829498,4.7872401562643665,-71.94935483550566,13.768892465956338
1766861252999860500,40.75186059570313,315.6678959932178,0.7616060793088315,7.2548752307327655,42.37162021391735,344.98218127153814,332.0495300292969,4.748652160401253,4.658353628019059,-71.94943404773296,12.813048738082243
1766861253999846000,41.75184594726562,316.3758661802858,0.8543806214644748,7.2526365165366515,42.3717263118501,345.6901514586061,331.516845703125,4.748652209806448,4.298200016867463,-71.94951085854046,12.919765459996148
1766861254999831600,42.75183154296875,316.68381976429373,0.7994835210147231,7.254781504425198,42.37185388038859,345.99810504261404,332.0424499511719,4.748652304477356,4.378029822566666,-71.94959250633184,14.151519799910613
1766861255999817700,43.75181762695313,317.0961676966399,0.8090833846156539,7.25388556027948,42.37198259288757,346.4104529749602,332.0424499511719,4.748652466313472,4.2987961859170705,-71.94967726322768,15.194609410905876
1766861256999804000,44.751803955078124,317.83157175872475,0.8417626427343277,7.251714802254343,42.372108082036284,347.14585703704506,332.1070861816406,4.748652409186432,4.15063216694749,-71.9497702090059,15.867865068552137
1766861257999790600,45.75179052734375,318.4347745021805,0.8277063317768575,7.2546115811858,42.37224911570638,347.74905978050083,332.1070861816406,4.748652522925088,4.086166935549342,-71.94988289298058,17.3133471992385
1766861258999777300,46.75177734375,318.03501154109836,0.8178454185552101,7.258910294610533,42.37239336437397,347.34929681941867,332.1070861816406,4.7486523398663,3.9936317740651153,-71.94998520632144,18.03953371076824
1766861259999763200,47.75176318359375,318.3223595973104,0.8097034593531817,7.258912183983873,42.372543043724725,347.63664487563074,332.1668395996094,4.748652420537121,4.000421206056193,-71.95007897401995,18.482044223933144
1766861260999752400,48.75175244140625,318.8391040544957,0.7611082532652177,7.258326632572052,42.37268502083359,348.153389332816,332.1668395996094,4.748652100159685,4.184391683527432,-71.95017376131528,18.117474878338626
1766861261999739600,49.75173974609375,319.0157426884398,0.8998165884407079,7.258521692327051,42.37281337354742,348.3300279667601,332.1668395996094,4.748652086540504,3.7733941274659046,-71.95028031019447,17.477393225886072
1766861262999727000,50.75172705078125,319.79655466787517,0.8481535115976249,7.257234370695691,42.37292734052173,349.1108399461955,331.99493408203125,4.748651958881475,3.9859690059009125,-71.95037372569351,16.141382125576154
1766861263999714300,51.75171435546875,320.11573879793286,0.8477947217461296,7.2581290796846,42.37304772992478,349.4300240762532,331.99493408203125,4.748652200977622,4.0162566013223975,-71.95045707621807,15.420383220053163
1766861264999702500,52.75170263671875,320.7016987260431,0.8231216855547546,7.257528331633523,42.37317605663877,350.0159840043634,332.0220031738281,4.748652342296582,3.9839512492521942,-71.95053202114869,15.166814282183328
1766861265999691500,53.75169140625,321.82274553831667,0.8228094732367655,7.252360585736895,42.3732858890464,351.137030816637,332.0220031738281,4.748652393663491,4.044720962448582,-71.95060491554672,14.214490160871268
1766861266999679700,54.7516796875,322.7623982401565,0.7931841951616778,7.248450588579105,42.373387490282184,352.0766835184768,332.0220031738281,4.748652516886916,4.119979391221274,-71.95068311000794,13.33207200881122
1766861267999668200,55.75166821289063,322.7448104377836,0.786896011503311,7.254818183735821,42.37349892305468,352.0590957161039,332.0220031738281,4.748652602716624,4.20490407265308,-71.95076717571737,13.612672421106929
1766861268999656400,56.751656494140626,323.2095446595922,0.7372037194914788,7.2562395031643865,42.37361985672552,352.5238299379125,332.0239562988281,4.7486525963794275,4.37921606398057,-71.950852918985,14.428090475993615
1766861269999645200,57.751645263671875,323.4113373029977,0.782056603721151,7.2582910994097345,42.37374212876283,352.725622581318,331.7201843261719,4.748652570255989,4.325903300621705,-71.9509423881412,15.275946300463536
1766861270999634200,58.75163427734375,323.16940331831574,0.7441121326426262,7.258959138897386,42.373874654796154,352.48368859663606,331.7201843261719,4.74865261306493,4.349840230262903,-71.95103863544665,16.429431523272697
1766861271999624200,59.75162426757812,323.26870134472847,0.7856670574501373,7.258967783652502,42.37401511766912,352.5829866230488,331.7201843261719,4.748652786901738,4.2734641400766415,-71.95113083703929,17.101026820643295
1766861272999613200,60.75161328125,322.7759109865874,0.7465355497013033,7.258617498823432,42.37415483035461,352.0901962649077,332.0730895996094,4.7486524166944,4.359523282654279,-71.95122735684045,17.076100455064232
1766861273999602400,61.7516025390625,323.03835224267095,0.8369284207612857,7.258969111897142,42.37427898654204,352.35263752099127,332.0730895996094,4.748652349799107,4.1202624546611695,-71.95132906253839,16.38513891679918
1766861274999591700,62.751591796875,324.0561061380431,0.7948239363522935,7.256944579402768,42.37441394450233,353.3703914163634,332.21051025390625,4.748652081582991,4.043146368329242,-71.9514268307621,16.805992752614888
1766861275999581400,63.75158154296875,324.281521149911,0.8198951478212751,7.257908806626983,42.374545968915335,353.5958064282313,332.21051025390625,4.74865194995648,4.044643592518384,-71.95152408948569,16.793717255520754
1766861276999570700,64.75157080078125,324.92016168963164,0.8099315888437183,7.2561198470920365,42.374671081343784,354.23444696795195,333.5640563964844,4.748651834883388,4.059967494323103,-71.95161077509405,16.06855980981271
1766861277999560700,65.75156079101562,325.4277629330754,0.845592339191242,7.256079886896881,42.37479848135714,354.74204821139574,331.5873718261719,4.748652104408097,3.985853698426401,-71.95170010734793,15.996519294799104
1766861278999550200,66.75155029296874,326.1116494080052,0.8392234659604313,7.254860574838024,42.3749203070119,355.4259346863255,331.5873718261719,4.748651892668302,3.998682594498098,-71.95178420973185,15.155342845722004
1766861279999540000,67.7515400390625,327.0230155782774,0.8390809515700337,7.25091680182277,42.37502910486201,356.3373008565977,331.5873718261719,4.748651777310422,4.003609657502579,-71.95186099464784,14.10434499718314
1766861280999529500,68.75152954101563,327.69830932375044,0.8339468256959268,7.251457503385106,42.37512742754658,357.01259460207075,331.5873718261719,4.748651607545296,4.009422389892093,-71.95193628290492,13.177836656229548
1766861281999520300,69.75152026367188,328.25072831939906,0.8363514888017042,7.251997591972281,42.37522583964673,357.56501359771937,331.3321533203125,4.748651632123477,4.006761432792365,-71.95200594459754,12.86625058269311
1766861282999510300,70.75151025390625,329.42863923031837,0.7647272070568165,7.244155830401753,42.3753282918307,358.7429245086387,331.3321533203125,4.748651435258714,4.188666968613047,-71.95207666209572,12.843059392583397
1766861283999499800,71.75149975585937,329.5340299503878,0.8226317901540634,7.254182663650315,42.375430157593456,358.8483152287081,332.17401123046875,4.748651374564978,4.089846152740936,-71.95215400393631,12.887857714330426
1766861284999490300,72.751490234375,330.2384259290993,0.8216422189974693,7.2508790521479565,42.375535002403666,359.55271120741963,332.17401123046875,4.7486514581529535,4.109576610237162,-71.95222481255897,12.95414158189028
1766861285999480300,73.75148022460938,330.619498138316,0.7990656053309959,7.251143115985767,42.37563561948606,359.9337834166363,332.17401123046875,4.748651629638688,4.185411785364239,-71.95229908017993,12.923541664971882
1766861286999469000,74.75146899414062,331.2969658281654,0.8117568237455904,7.251138510830039,42.37573255253021,360.6112511064857,332.17401123046875,4.748651719475311,4.155975584242818,-71.95236487228775,12.306611382441679
1766861287999460400,75.75146044921875,332.25865495204926,0.8235639670406872,7.244965053452031,42.37582368032469,361.57294023036957,332.18017578125,4.748651642539362,4.097569265402898,-71.95243146589073,11.718902703075864
1766861288999451100,76.751451171875,332.86237256228924,0.8259041310964605,7.249344146293196,42.37591679057469,362.17665784060955,332.18017578125,4.748651456228494,4.0458874050366935,-71.95249855434524,11.771543192005089
1766861289999441000,77.75144091796875,333.3300873534754,0.7763390396141573,7.246112827363432,42.37600164380614,362.6443726317957,332.18017578125,4.748651375167642,4.224931254708808,-71.95256600745205,11.717347995153288
1766861290999431700,78.751431640625,333.75106955878437,0.7826727871048709,7.247008970506622,42.37609492078784,363.0653548371047,332.18017578125,4.748651348428192,4.450594459957066,-71.9526342484071,11.97574139924403
1766861291999422000,79.751421875,334.01756287552416,0.7803905683754021,7.249268670091729,42.37618982233582,363.3318481538445,332.1344909667969,4.748651540789815,4.406957186402327,-71.95270403675293,12.193881740842398
1766861292999412500,80.75141259765626,334.3688690569252,0.7702478913581045,7.249854150594366,42.37628485204218,363.6831543352455,331.9850769042969,4.748651603868218,4.460747843967372,-71.95277309011722,12.235988250591651
1766861293999402500,81.75140258789062,334.44124044664204,0.8079746177673475,7.254810234592734,42.37637760060104,363.75552572496235,331.9850769042969,4.748651866064334,4.361714101203513,-71.95283511643345,11.751864958684674
1766861294999393500,82.7513935546875,334.7748505687341,0.781208126875175,7.255866115148187,42.37646341568226,364.0891358470544,331.9850769042969,4.748652080324933,4.509501051722791,-71.95289512719248,11.094921647431876
1766861295999383800,83.7513837890625,334.88848896324635,0.7763361564003451,7.257983538565516,42.376547567204796,364.20277424156666,331.9850769042969,4.748652041295484,4.538138373255803,-71.95295006937917,10.51742078233933
1766861296999373800,84.75137377929687,334.7179615618661,0.7693179158857936,7.258005973211411,42.37663053927978,364.0322468401864,331.9850769042969,4.748651981321869,4.62738679403322,-71.95300254604108,10.086078997662696
1766861297999365000,85.751365234375,334.5830022441223,0.7694489831334278,7.252494064535838,42.376703301585266,363.89728752244264,331.9850769042969,4.748651953163651,4.652076233936327,-71.95305421906087,9.250421240382552
1766861298999355400,86.75135546875,334.78310287185013,0.7761342842501952,8.07467809885221,42.37676184317932,364.09738815017045,335.5789489746094,4.748651750503907,4.677280750341935,-71.95309187168655,7.7817059238557205
1766861299999346700,87.7513466796875,334.8571638362482,0.7710707939856435,9.592058748084169,42.37681215535996,364.17144911456853,331.560791015625,4.748651713347556,4.6729477772305295,-71.95312068466414,6.491820423245074
1766861300999336200,88.75133618164062,333.71042153518647,0.7693454519297548,12.203276955330805,42.3768464601726,363.0247068135068,331.560791015625,4.748651606941587,4.556670852371613,-71.95315098187945,4.911146318677602
1766861301999327700,89.75132763671876,333.5544690657407,0.7383172026724225,15.577011057735831,42.37687766709077,362.868754344061,335.4434814453125,4.748651579576881,4.729305904958027,-71.95316070090333,3.712788102352376
1766861302999317200,90.75131713867188,334.1936933072284,0.7364448301575027,17.653881386111703,42.37690422269836,363.5079785855487,338.2836608886719,4.748651529544345,4.733426199113359,-71.95316825258408,3.3663139289126938
1766861303999308000,91.75130810546875,334.3648324608803,0.7365006588740312,20.40361310131551,42.37692891963401,363.6791177392006,341.7762451171875,4.748651497513988,4.8131511205114546,-71.95317740457476,2.9146351622298705
1766861304999299000,92.75129907226562,334.1246087215841,0.7670879926566152,29.208677562160446,42.37694214908761,363.4388939999044,341.7762451171875,4.748651514939801,4.738990630252075,-71.95318351636807,2.09358744648898
1766861305999289900,93.75128979492187,334.58430328965187,0.799321488562654,24.99072228703337,42.37696413026243,363.8985885679722,341.7762451171875,4.74865153549834,4.516242133476913,-71.95318444233034,2.5915771576357525
1766861306999279900,94.75127978515626,334.8003319706768,0.7416212034552251,13.78609526496308,42.377011044141746,364.1146172489971,341.7762451171875,4.748651509383421,4.715364666088992,-71.95316660267567,4.358118104436206
1766861307999271000,95.75127099609375,334.8841079957783,0.7567295840468398,11.07483413973303,42.37704751773285,364.19839327409863,62.89896774291992,4.748651541556776,4.714639311260343,-71.95309755510135,5.5362341863152125
1766861308999262500,96.75126245117187,334.7969950325787,0.6877452678271294,7.258727050989593,42.37708117824705,364.111280310899,64.2992172241211,4.748651586920687,5.115898331992367,-71.95299579832081,7.809924291674563
1766861309999252200,97.75125219726563,334.052954304032,0.7021353230709645,7.246222981885505,42.37712098005146,363.36723958235234,64.2992172241211,4.748651544693267,5.164231394382244,-71.95287334003312,9.91051764870085
1766861310999243500,98.75124340820312,333.6401653168723,0.6893194592586452,7.252843049135114,42.37716952647322,362.9544505951926,63.93325424194336,4.748651536107173,5.2696330233864535,-71.95273728135912,11.599325021865898
1766861311999234300,99.751234375,333.2137447344139,0.6792891152692444,7.254248078697666,42.37722542777704,362.52803001273423,63.93325424194336,4.748651500924973,5.219968093891609,-71.95258799167937,13.08414267953488
1766861312999225000,100.75122509765625,332.2891571819782,0.6671090481019462,7.246929630799627,42.377286623934936,361.60344246029854,64.36295318603516,4.748651479197921,5.483219901425963,-71.95242741435884,14.35898043199616
1766861313999215600,101.75121557617187,331.43644245527685,0.6583162228272421,7.247035245423864,42.377348247282285,360.75072773359716,64.36295318603516,4.748651467774554,5.493726323731825,-71.95225288647624,15.474688693334915
1766861314999207000,102.75120703125,330.51323961280286,0.6509251300184636,7.2452500157892565,42.37741585359946,359.8275248911232,64.36295318603516,4.748651556222409,5.582589371224941,-71.95207172502005,16.329358374426207
1766861315999197000,103.75119702148437,329.43658715859056,0.6519667908728655,7.244411118141088,42.37748209277123,358.75087243691087,64.36295318603516,4.748651609388735,5.62779767440247,-71.95188829037899,16.575536511260953
1766861316999187500,104.7511875,328.44637581147254,0.6490599536244632,7.242975789749361,42.37754963963859,357.76066108979285,64.36295318603516,4.748651620044633,5.68444700527229,-71.95170986096898,16.48878982010568
1766861317999178500,105.75117846679687,327.68018450960517,0.6476739346320916,7.246192444073178,42.37761792435215,356.9944697879255,64.36295318603516,4.7486516841569,5.758460122723617,-71.95152593194749,16.81019621387653
1766861318999169300,106.75116918945312,326.79366138670594,0.6405612181138597,7.246014869340572,42.37767096299853,356.10794666502625,64.36295318603516,4.7486517539703375,5.839357398875649,-71.95132672778108,17.195129144256835
1766861319999160300,107.75116040039063,325.7636019997299,0.6439002841217963,7.244176679718135,42.37775533188053,355.0778872780502,64.36295318603516,4.748651835553226,6.073300181785153,-71.95113997111984,17.70962937732214
1766861320999151000,108.75115112304688,324.7456934982911,0.626191432383926,7.243325113424054,42.377812038278876,354.0599787766114,64.36295318603516,4.748651941952236,6.186508923884968,-71.95093027676958,18.05850825652364
1766861321999141600,109.7511416015625,323.447114716284,0.6311796594025544,7.243336925764861,42.377882510163964,352.7613999946043,64.36295318603516,4.748651918200015,6.231901834977134,-71.95073223604025,18.04189153292538
1766861322999132200,110.75113208007812,322.672448862344,0.6216472530957585,7.247215199700957,42.37795243712995,351.98673414066434,64.36295318603516,4.748652055482728,6.247287328612879,-71.950535726655,17.95877487693992
1766861323999123200,111.75112329101563,322.01651891041547,0.6452693219112284,7.25049919254195,42.3780218464291,351.3308041887358,64.36295318603516,4.748652035183729,6.160642439874335,-71.95034067130437,17.81753248835428
1766861324999114000,112.75111401367188,321.1662239115685,0.6412922980302572,7.249907681616263,42.37809052265941,350.48050918988883,64.36295318603516,4.748651986250344,6.224564844110765,-71.9501476734555,17.649451356243034
1766861325999104800,113.75110473632813,320.3289781399071,0.6404191141866745,7.250288092177482,42.37817328328713,349.64326341822743,64.31256103515625,4.748651885365525,6.104019163415084,-71.94996741663886,17.44921436863166
1766861326999095800,114.751095703125,319.4304462680593,0.6450666480493635,7.2480120969167805,42.37822523855847,348.7447315463796,64.31256103515625,4.74865182871217,6.146768501887102,-71.94977004921284,17.270645553525
1766861327999087400,115.75108740234376,318.4276168178767,0.6462789049109757,7.246058749415106,42.37829219136194,347.741902096197,64.31256103515625,4.748651891384068,6.118440704457549,-71.94958232115859,17.177519548606785
1766861328999076400,116.75107641601562,317.36436268594116,0.6422686344233837,7.241807918055889,42.37836026496197,346.6786479642615,63.457679748535156,4.74865185467051,6.155503718085648,-71.9493938274628,17.195855789755342
1766861329999068000,117.75106787109375,316.2400179505348,0.6503772064849688,7.239981394784248,42.37842691178953,345.55430322885513,64.28765106201172,4.748651885191417,6.046262944566872,-71.94920474208364,17.2255711904204
1766861330999058400,118.75105834960938,315.147542857565,0.6479672898810146,7.240412038066127,42.378494644422744,344.4618281358853,64.28765106201172,4.748651865252976,5.944785030662655,-71.94901503888408,17.26124561761325
1766861331999049700,119.7510498046875,313.79535685572773,0.6491964194915434,7.239166112529079,42.37855906210783,343.10964213404804,66.27107238769531,4.748651842929729,5.751978575283543,-71.94882483677641,17.286104266665493
1766861332999039700,120.75103979492188,312.8365959757939,0.6470456782781777,7.241078801429184,42.378620378274,342.1508812541142,68.33660888671875,4.748651743595676,5.732899721499822,-71.94863149353387,17.342161443641164
1766861333999031300,121.75103125,311.9856932219118,0.6574920537135985,7.244450635633671,42.37867513995967,341.2999785002321,70.43083190917969,4.748651689953897,5.623286984297824,-71.94843271200928,17.46983685009019
1766861334999021600,122.751021484375,310.88515501935035,0.6366719123754744,7.241395259977107,42.37872700612096,340.19944029767066,72.92091369628906,4.748651648580859,5.72848496812698,-71.94822525402877,17.91780703071568
1766861335999012000,123.75101220703125,309.6485918350518,0.6430220509341942,7.242316281071665,42.37877026899203,338.9628771133721,76.18463897705078,4.748651675964794,5.650947607510328,-71.94801302410772,18.131373390810953
1766861336999003100,124.75100317382812,308.270055860281,0.6423433564521643,7.239337322937696,42.37880892576583,337.5843411386013,76.6437759399414,4.7486516794865326,5.584922615740758,-71.94779648843529,18.27943897084011
1766861337998994700,125.75099462890626,306.8071841420606,0.6356959570910468,7.2385370362016905,42.37884149155577,336.1214694203809,80.1371841430664,4.748651683349674,5.83042293360282,-71.94757851879419,18.372406896268917
1766861338998985200,126.75098510742187,305.94321753643453,0.6659107270426083,7.244085343562131,42.37886515276109,335.25750281475484,82.28492736816406,4.748651692358861,5.719256115824582,-71.94735953889173,18.398982855937092
1766861339998975700,127.75097583007812,304.7086253101006,0.725717041832336,7.243851439141863,42.37888040932332,334.0229105884209,85.62773895263672,4.748651798129434,5.406120358676952,-71.94714082079881,18.324701164742617
1766861340998967300,128.75096728515626,303.71782840322703,0.6915941368955507,7.246314843510924,42.378889664445914,333.03211368154734,89.35604095458984,4.748651588250236,5.544158207953528,-71.94691629671016,18.485822632883902
1766861341998957800,129.75095776367186,302.8684384021908,0.6957995329870316,7.251151712184641,42.37889157273793,332.1827236805111,89.35604095458984,4.748651336364194,5.513911229515946,-71.94668730148044,18.778330109328255
1766861342998947800,130.75094775390625,301.6896540177986,0.7332731038363889,7.250979927416054,42.37888876257907,331.0039392961189,90.8401107788086,4.748651335680123,5.21831128727781,-71.94645591731798,19.073023428318233
1766861343999876000,131.7518759765625,301.2671203641221,0.776814328323157,7.255808669849198,42.37888582878567,330.5814056424424,91.46136474609375,4.7486514695480935,5.055412540971523,-71.94621425194295,19.492384002162105
1766861344999883800,132.7518837890625,301.1286940658465,0.6928342819008089,7.257595830549877,42.37888114426568,330.4429793441668,91.46136474609375,4.748651232701743,5.09245944189127,-71.94596658342975,20.03507973019463
1766861345999877400,133.75187744140624,300.97434899769723,0.7314663530384768,7.2587058803795115,42.37887611242468,330.28863427601755,91.60128021240234,4.748651325290914,5.044380719126468,-71.94571691143287,20.362993744630952
1766861346999882500,134.75188256835938,301.6405092384666,0.703402330875409,7.258625601024449,42.378870867392095,330.95479451678693,91.60128021240234,4.74865100642146,5.140682474075531,-71.94546384862154,20.684090341536265
1766861347999882500,135.75188256835938,301.9788677440956,0.7249822184618709,7.257765944437263,42.3788659945745,331.29315302241594,91.0071792602539,4.748650736274361,5.384959768986629,-71.94520722509004,20.8708298345552
1766861348999875300,136.75187524414062,302.0699461651966,0.7075807847096619,7.2579155737357475,42.37886271211662,331.3842314435169,91.0071792602539,4.748651051783388,5.510490199004877,-71.9449553948963,20.6768446759579
1766861349999884000,137.7518840332031,303.2968524461612,0.7436874648451709,7.254179297791335,42.37886301593893,332.6111377244815,89.41810607910156,4.748651230568084,5.306588077028647,-71.94471237835275,20.003935782213603
1766861350999895000,138.75189501953125,304.1755052898079,0.655270922823818,7.252162750393938,42.378863182313445,333.4897905681282,89.87023162841797,4.748650986180887,5.550558393073223,-71.94448863148416,18.953518014870742
1766861351999889000,139.75188891601562,305.0225187195465,0.7359611399438701,7.250481412846859,42.37887890588164,334.3368039978668,89.87023162841797,4.748651339529043,5.493302473920496,-71.94426983906803,18.235069257785437
1766861352999912700,140.75191259765626,306.12446664460003,0.7662857141368661,7.247785767583873,42.37888053675172,335.43875192292035,89.53250122070312,4.74865156954861,5.265228314522535,-71.9440528683051,17.962615055726754
1766861353999901400,141.7519013671875,308.01931595243514,0.8909470908557763,7.244502181943895,42.37886561992949,337.33360123075545,89.53250122070312,4.748651595770644,4.287891776031024,-71.9438429998404,17.582975035495682
1766861355023958300,142.7759582519531,309.855476741679,1.1874116512657114,7.24828172441136,42.378866936611125,339.1697620199993,89.53250122070312,4.748651570544281,3,-71.94362535319944,17.456415271930638
1766861356020457200,143.77245727539062,311.4472045302391,1.498465706342053,7.252133365562737,42.37886774632396,340.7614898085594,90,4.748651552990203,3,-71.9434135455003,17.41450858103791
1766861357021520100,144.77352001953125,312.3131723962724,1.7825624898341785,8.283909557320044,42.378871757423745,341.62745767459273,88.35774230957031,6.052593825200883,3,-71.94320328212712,17.427779557841923
1766861358024027000,145.77602685546876,314.0867874585092,2.0237368084907237,9.408515461806838,42.37888751663106,343.4010727368295,86.98480224609375,8.067391289259012,3,-71.94299448858894,17.420251207562995
1766861359023486700,146.77548681640624,315.65907394327223,2.1116009609149042,9.816826649705625,42.37888831742241,344.97335922159255,85.1754150390625,8.966931804389969,3,-71.94278214141335,17.42248242734394
1766861372447639000,160.19963916015624,319.12824745507316,-1,27.468278855544384,42.37911801456365,348.4425327333935,88.75853366055831,51.16562362788442,10.017525104634235,-71.94018200511084,-1
1766861373581495000,161.3334951171875,319.12824745507316,-1,23.889709485005245,42.3791197766348,348.4425327333935,91.55274355944302,84.55584893328962,10.017528740247432,-71.94018182913506,-1
1766861378451460900,166.2034609375,322.08824745507314,-1,-1,42.378844295599954,351.40253273339346,-1,72.72957564038913,10.026186546404261,-71.93892675469539,-1
1766861383780076000,171.53207592773438,324.96824745507314,-1,31.635664436505284,42.378202366554554,354.28253273339345,100.07717481345577,299.1000185041533,10.027964991149874,-71.93821396116073,-1
1766861385422558000,173.1745578613281,325.28824745507313,-1,26.672191182206713,42.37872544265921,354.60253273339345,101.08240107436323,91.87521387690614,10.01872456458691,-71.93798264274247,-1
1766861389030614800,176.78261474609374,325.28824745507313,-1,-1,42.37874119519387,354.60253273339345,-1,66.76066084933477,10.029251334252297,-71.93798638724797,-1
1766861390443837200,178.19583715820312,322.4882474550732,-1,27.543725229584886,42.378755580252125,351.8025327333935,102.97873479552557,75.76594840651502,10.01763634903248,-71.9381523269285,-1
1766861396445091800,184.197091796875,318.75824745507316,-1,-1,42.37785824343864,348.0725327333935,-1,66.49893088612002,10.026231555898665,-71.93659911941148,-1
1766861402497294800,190.249294921875,314.94824745507316,-1,-1,42.37741745295864,344.26253273339347,-1,75.28015461518905,10.03531232652334,-71.93553431916294,-1
1766861414448403700,202.20040380859376,304.99824745507317,-1,-1,42.37629449418978,334.3125327333935,-1,109.97599152083733,10.026334895421888,-71.93460598937348,-1
1766861420597038000,208.3490380859375,300.6082474550732,-1,-1,42.37450748361435,329.9225327333935,-1,86.16684812253855,10.036404315684427,-71.93287577594826,-1
1766861426427588900,214.1795888671875,293.57824745507315,-1,-1,42.37398802873703,322.89253273339347,-1,108.30820585554834,10.017690596691086,-71.93308057607726,-1
1766861432970817000,220.72281713867187,289.0582474550732,-1,-1,42.373032983667684,318.3725327333935,-1,59.039485848779,10.031694541156671,-71.93259979016533,-1
1766861434610797000,222.36279711914062,289.0582474550732,-1,-1,42.37288482717684,318.3725327333935,-1,54.614347707978226,10.022479480669546,-71.93189215696519,-1
1766861440726184000,228.4781838378906,285.91824745507313,-1,-1,42.37267333751508,315.23253273339344,-1,64.39695937272461,10.03220956188918,-71.93002099522228,-1
1766861454557622800,242.30962280273437,283.62824745507316,-1,-1,42.371477411054556,312.9425327333935,-1,137.57581983254389,10.016394280891175,-71.92691502199611,-1
1766861460552248000,248.304248046875,280.74824745507317,-1,-1,42.37091647620836,310.0625327333935,-1,231.99469027530816,10.024887131044927,-71.92554195568862,-1
1766861489572069000,277.3240690917969,272.77824745507314,-1,-1,42.37062255976634,302.09253273339345,-1,76.8312361140645,10.03246493090215,-71.91778834394694,-1
1766861538497569000,326.2495690917969,250.63824745507316,-1,-1,42.368745526782504,279.95253273339347,-1,136.65657276738335,10.033657516370447,-71.9039066912419,-1
1766861540039927000,327.7919270019531,248.18824745507317,-1,-1,42.36872256881737,277.5025327333935,-1,137.55371325480894,10.023394141928105,-71.90373605951939,-1
1766861552940513000,340.69251293945314,238.58824745507314,-1,-1,42.3687209236357,267.90253273339346,-1,735.7305059771882,10.024269905059779,-71.90373744563396,-1
1766861554459176000,342.2111760253906,238.58824745507314,-1,-1,42.36811474707341,267.90253273339346,-1,39.941857005054516,10.024300727393506,-71.90126351342538,-1
1766861571565507800,359.3175078125,228.88824745507316,-1,-1,42.367566895703646,258.20253273339347,-1,88.85121037058911,10.030414229823696,-71.89739236854808,-1
1766861582437897000,370.18989697265624,228.88824745507316,-1,-1,42.36528762204935,258.20253273339347,-1,131.80000813588504,10.036591579066245,-71.89277391430223,-1
1766861594426307000,382.1783071289062,215.28824745507316,-1,-1,42.36463955661564,244.60253273339347,-1,88.81410779272797,10.027893053079628,-71.89133781508512,-1
1766861600444806100,388.19680615234375,212.20824745507315,-1,-1,42.36438707447844,241.52253273339346,-1,56.212920438274466,10.036788880242339,-71.89034293804579,-1
1766861606431635000,394.1836350097656,209.78824745507316,-1,-1,42.36369481340116,239.10253273339347,-1,66.90819329030612,10.019622730713543,-71.88922639856074,-1
1766861612432661000,400.1846608886719,209.13824745507316,-1,-1,42.363430267267,238.45253273339347,-1,66.37360460590055,10.02828167396023,-71.88869731297157,-1
1766861618435162000,406.187162109375,209.13824745507316,-1,-1,42.36346446989248,238.45253273339347,-1,171.39351130675178,10.036852279115786,-71.88882623319562,-1
1766861624446715000,412.19871484375,207.13824745507316,-1,-1,42.36229018527862,236.45253273339347,-1,45.27407476674132,10.020020899117958,-71.8863795670791,-1
1766861630606866000,418.3588659667969,207.13824745507316,-1,-1,42.361494064741876,236.45253273339347,-1,73.7963943100926,10.030218553627856,-71.88487543209015,-1
1766861636446868000,424.1988679199219,204.84824745507316,-1,-1,42.361006147250244,234.16253273339348,-1,61.678005237475624,10.028215848591836,-71.88416803681127,-1
1766861642600812000,430.35281201171875,202.29824745507318,-1,-1,42.36036946719373,231.6125327333935,-1,39.42440960662334,10.021726592890486,-71.88318884138015,-1
1766861648592785000,436.3447849121094,200.09824745507316,-1,-1,42.35987395910624,229.41253273339348,-1,61.2458329739556,10.030324199365413,-71.88251046056041,-1
1766861654449193000,442.2011928710937,200.09824745507316,-1,-1,42.35911525231905,229.41253273339348,-1,78.13078113105163,10.03767213883017,-71.88230003857872,-1
1766861660444387800,448.19638793945313,205.22824745507316,-1,-1,42.35835201954868,234.54253273339347,-1,89.56241311266571,10.020494483698961,-71.88141373166407,-1
1766861666445848000,454.19784814453124,208.05824745507317,-1,-1,42.35720879302496,237.37253273339348,-1,50.69586875051402,10.029141878153576,-71.88101810355023,-1
1766861672446881000,460.19888110351565,208.05824745507317,-1,-1,42.35667845797601,237.37253273339348,-1,39.58785475921104,10.037788341245825,-71.88049071872489,-1
1766861684876749000,472.6287490234375,212.90824745507317,-1,-1,42.35658092717482,242.22253273339348,-1,195.79317956626838,10.033652496652204,-71.88028256335537,-1
1766861689545906200,477.29790625,212.90824745507317,-1,-1,42.35530938456302,242.22253273339348,-1,175.93420365453036,10.029061055783284,-71.87711444423739,-1
1766861695572422100,483.32442211914065,210.66824745507316,-1,-1,42.35508276638985,239.98253273339347,-1,154.83982696737905,10.037928880486279,-71.8760008991187,-1
1766861707565200000,495.31719995117186,208.17824745507318,-1,-1,42.353940691138796,237.4925327333935,-1,59.034456625467286,10.02955972265157,-71.87235699161623,-1
1766861713722628000,501.47462817382814,206.77824745507314,-1,-1,42.35385728117864,236.09253273339345,-1,50.833905361911036,10.03973400104023,-71.87219489299378,-1
1766861719569228300,507.32122827148436,206.77824745507314,-1,-1,42.35318567292216,236.09253273339345,-1,51.73467820995249,10.021242486877204,-71.87137250789658,-1
1766861725573796900,513.325796875,206.77824745507314,-1,-1,42.3529481411774,236.09253273339345,-1,66.81208924095897,10.029908402783569,-71.87092073038286,-1
1766861731577045000,519.329044921875,203.38824745507316,-1,-1,42.3522290680368,232.70253273339347,-1,54.982020856022004,10.03859462647806,-71.86908190857427,-1
1766861737585085000,525.3370849609375,201.11824745507317,-1,-1,42.352038419928896,230.4325327333935,-1,50.37555328946319,10.021728180244889,-71.86797230072335,-1
1766861743581310000,531.3333100585937,201.11824745507317,-1,-1,42.351920094564214,230.4325327333935,-1,59.471096275158345,10.030305968079844,-71.86746741512162,-1
1766861749581563000,537.3335629882813,201.11824745507317,-1,-1,42.35167169303494,230.4325327333935,-1,38.32800449760202,10.038952735632364,-71.86628929865289,-1
1766861755577168000,543.32916796875,201.11824745507317,-1,-1,42.35138415382583,230.4325327333935,-1,91.66636313204177,10.021835942209206,-71.8649621181767,-1
1766861761575140000,549.3271401367188,201.11824745507317,-1,-1,42.35115892322243,230.4325327333935,-1,39.6430587450728,10.030539661813743,-71.86424483450101,-1
1766861767579139800,555.3311398925781,203.59824745507316,-1,-1,42.35105881471892,232.91253273339348,-1,38.13560496132875,10.039229641400203,-71.86364579628282,-1
1766861779574568000,567.3265678710937,208.80824745507317,-1,-1,42.350935091548514,238.12253273339348,-1,55.418715767253516,10.030892516190107,-71.86291150055021,-1
1766861785837087200,573.5890871582031,208.80824745507317,-1,-1,42.35103780174595,238.12253273339348,-1,45.727332538649506,10.016536105045748,-71.86271066677236,-1
